Codigo Piloto,Piloto
43556,John Max
43557,Jilles Vlank
43558,Jorge Mejía
43559,David Colindres
43560,Maximilian Call
43561,Muilin Mills
43562,Gianni Falk
43563,Hous Hih
43564,Cho Ming
43565,Chao Ma
43566,José Perez
43567,Davie Mixal
43568,Filg Gills
43569,Hung Cho
43570,Filen Filg
43571,Arthur Maxwell
43572,Carlos Miranda
43573,Denis Tercero
43574,David German
43575,Charles Moll
43576,Joe Hulson
43577,Miriam Willson
43578,Marie Malful
43579,Jonh Pierson
43580,Peter Mariner
43581,Homer Williamns
43582,Jessica Bulnes
43583,Maria Guills
43584,Juan Pérez